vibration,temperature,pressure,runtime_hours,failed
1.2,42.5,3.8,1000,0
1.5,45.2,3.9,1200,0
1.1,41.8,3.7,950,0
1.3,43.1,3.85,1100,0
2.1,52.5,4.1,1500,0
2.3,54.2,4.15,1600,0
1.9,51.8,4.0,1450,0
2.2,53.1,4.12,1550,0
9.5,82.3,6.2,2000,1
9.8,84.5,6.35,2100,1
10.1,85.2,6.5,2050,1
9.3,81.8,6.1,1950,1
8.9,80.5,5.95,1900,1
2.5,55.8,4.2,1700,0
2.4,54.5,4.18,1650,0
1.8,50.2,3.95,1400,0
1.7,49.8,3.92,1350,0
10.2,86.1,6.6,2150,1
9.9,83.8,6.25,2000,1
10.5,87.5,6.8,2200,1
1.4,44.2,3.88,1150,0
2.0,51.5,4.05,1480,0
1.6,48.5,3.9,1320,0
9.7,82.9,6.3,2080,1
10.0,84.2,6.45,2020,1
1.3,43.8,3.82,1090,0
2.2,53.5,4.2,1580,0
1.9,50.8,4.02,1460,0
10.3,85.8,6.55,2120,1
9.6,82.5,6.22,1980,1
